"jurisdiction","prior_529_deduction_or_credit","529_to_able_treatment","recapture_or_addback_rule","conformity_or_tax_year_note","form_line_reference","confidence","primary_sources","last_updated"
"Alabama","Unknown","Unknown","Unknown","Unknown","Pending","Low","TBD","2026-03-10"
"Alaska","No state individual income tax","N/A for individual income tax recapture","N/A","No state individual income tax","N/A","High","https://alaska.gov/","2026-03-10"
"Arizona","Unknown","Unknown","Unknown","Unknown","Pending","Low","TBD","2026-03-10"
"Arkansas","Unknown","Unknown","Unknown","Unknown","Pending","Low","TBD","2026-03-10"
"California","No deduction/credit","Qualified treatment appears aligned for 2019+","Additional tax framework applies for nonqualified events","2018 nonconformity visible; 2019+ instructions reflect changed treatment","FTB 3805P Part II (additional-tax computation lines)","High","https://www.ftb.ca.gov/forms/2018/18-3805P-instructions.html; https://www.ftb.ca.gov/forms/2019/2019-3805p-instructions.html; https://www.ftb.ca.gov/forms/2025/2025-3805p-instructions.html","2026-03-10"
"Colorado","Unknown","Watchlist only","DOR guidance indicates addition/recapture concepts; rollover-specific treatment not closed","Needs tax-year specific conformity check","Pending","Low","https://tax.colorado.gov/income-tax-topics-able-contribution-subtraction","2026-03-10"
"Connecticut","Unknown","Unknown","Unknown","Unknown","Pending","Low","TBD","2026-03-10"
"Delaware","Unknown","Unknown","Unknown","Unknown","Pending","Low","TBD","2026-03-10"
"District of Columbia","Unknown","Unknown","Unknown","Unknown","Pending","Low","TBD","2026-03-10"
"Florida","No state individual income tax","N/A for individual income tax recapture","N/A","No state individual income tax","N/A","High","https://floridarevenue.com/","2026-03-10"
"Georgia","Unknown","Unknown","Unknown","Unknown","Pending","Low","TBD","2026-03-10"
"Hawaii","Unknown","Unknown","Unknown","Unknown","Pending","Low","TBD","2026-03-10"
"Idaho","Unknown","Unknown","Unknown","Unknown","Pending","Low","TBD","2026-03-10"
"Illinois","Yes","Conditional","Recapture applies for specified triggers including out-of-state transfer/nonqualified use under state instructions","Annual Schedule M instructions govern filing-year treatment","Schedule M line 7 and line 9 recapture references","High","https://tax.illinois.gov/forms/incometax/currentyear/individual/il-1040-schedule-m-instr.html; https://tax.illinois.gov/content/dam/soi/en/web/tax/forms/incometax/documents/currentyear/individual/il-1040-schedule-m.pdf","2026-03-10"
"Indiana","Unknown","Unknown","Unknown","Unknown","Pending","Low","TBD","2026-03-10"
"Iowa","Unknown","Unknown","Unknown","Unknown","Pending","Low","TBD","2026-03-10"
"Kansas","Unknown","Unknown","Unknown","Unknown","Pending","Low","TBD","2026-03-10"
"Kentucky","Unknown","Unknown","Unknown","Unknown","Pending","Low","TBD","2026-03-10"
"Louisiana","Unknown","Unknown","Unknown","Unknown","Pending","Low","TBD","2026-03-10"
"Maine","Unknown","Unknown","Unknown","Unknown","Pending","Low","TBD","2026-03-10"
"Maryland","Unknown","Unknown","Unknown","Unknown","Pending","Low","TBD","2026-03-10"
"Massachusetts","Unknown","Unknown","Unknown","Unknown","Pending","Low","TBD","2026-03-10"
"Michigan","Unknown","Unknown","Unknown","Unknown","Pending","Low","TBD","2026-03-10"
"Minnesota","Yes (credit or subtraction)","Likely nonqualified for state-benefit retention when distribution is not for post-secondary education; explicit ABLE carveout not yet found","Recapture tax applies when Minnesota 529 distribution is used for nonqualified expenses; form computes recapture and flows to return","Current DOR recapture page + TY2025 Schedule M1529 workflow","Schedule M1529 lines 7-15 (recapture calc); line 15 flows to Form M1 line 14","Medium-High","https://www.revenue.state.mn.us/education-savings-account-recapture-tax; https://www.revenue.state.mn.us/education-savings-account-contribution-subtraction; https://www.revenue.state.mn.us/sites/default/files/2025-10/m1529-25-grid.pdf","2026-03-10"
"Mississippi","Unknown","Unknown","Unknown","Unknown","Pending","Low","TBD","2026-03-10"
"Missouri","Unknown","Unknown","Unknown","Unknown","Pending","Low","TBD","2026-03-10"
"Montana","Unknown","Unknown","Unknown","Unknown","Pending","Low","TBD","2026-03-10"
"Nebraska","Unknown","Unknown","Unknown","Unknown","Pending","Low","TBD","2026-03-10"
"Nevada","No state individual income tax","N/A for individual income tax recapture","N/A","No state individual income tax","N/A","High","https://tax.nv.gov/","2026-03-10"
"New Hampshire","No broad wage individual income tax","Likely limited/no personal income tax recapture exposure for wages","N/A/limited","State tax structure changed; verify interest/dividend transition handling separately","N/A","Medium","https://www.revenue.nh.gov/","2026-03-10"
"New Jersey","Yes (income-limited)","Likely qualified if tied to IRC treatment but not yet line-locked for NJ-1040 instructions","No definitive 529->ABLE-specific recapture line confirmed yet","Deduction program active in recent years; line-level confirmation pending","NJ-1040 mapping pending","Medium","https://www.nj.gov/treasury/taxation/njgrosstax.shtml; https://nj.gov/treasury/taxation/individuals/collegededuction.shtml","2026-03-10"
"New Mexico","Unknown","Unknown","Unknown","Unknown","Pending","Low","TBD","2026-03-10"
"New York","Yes","Watchlist only","General recapture concepts known; direct 529->ABLE treatment still unconfirmed from NY tax authority text","Needs NY DTF primary-form validation","Pending","Low","https://www.ny529advisor.com/our-plan/state-tax-benefits","2026-03-10"
"North Carolina","Unknown","Unknown","Unknown","Unknown","Pending","Low","TBD","2026-03-10"
"North Dakota","Unknown","Unknown","Unknown","Unknown","Pending","Low","TBD","2026-03-10"
"Ohio","Yes","Conditional (explicit line logic)","Line-4 addition applies to specific nonqualified 529 distributions with prior Ohio deduction linkage; separate state deduction lines exist for STABLE and 529 contributions","TY2024 form + instruction verification complete","Schedule of Adjustments line 4; deduction lines 20 and 36","High","https://dam.assets.ohio.gov/image/upload/tax.ohio.gov/forms/ohio_individual/individual/2024/it1040-booklet.pdf; https://dam.assets.ohio.gov/image/upload/tax.ohio.gov/forms/ohio_individual/individual/2024/scheduleofadjustments.pdf","2026-03-10"
"Oklahoma","Unknown","Unknown","Unknown","Unknown","Pending","Low","TBD","2026-03-10"
"Oregon","Unknown","Watchlist only","Rule text references recapture mechanics; scenario mapping still open","Needs return-year form-line mapping","Pending","Low","https://oregon.public.law/rules/oar_150-315-0065","2026-03-10"
"Pennsylvania","Yes","Conditional; explicit PA-40 statement for 529->ABLE qualification remains unresolved","Nonqualified 529 distributions are taxable and reportable as interest income on PA Schedule A and PA-40 line 2; deductions are claimed through PA Schedule O and PA-40 line 10","PA-40 instructions and DOR FAQ confirm line-level reporting workflow for nonqualified distributions and deductions","PA Schedule A + PA-40 line 2 (nonqualified distribution income); PA Schedule O line 10 -> PA-40 line 10 (deductions)","Medium","https://www.pa.gov/content/dam/copapwp-pagov/en/revenue/documents/formsandpublications/formsforindividuals/pit/documents/2024/2024_pa-40in.pdf; https://www.pa.gov/content/dam/copapwp-pagov/en/revenue/documents/formsandpublications/formsforindividuals/pit/documents/2024/2024_pa-40o.pdf; https://revenue-pa.custhelp.com/app/answers/detail/a_id/2517/~/where-should-a-distribution-from-an-irc-section-529-college-and-career-saving; https://revenue-pa.custhelp.com/app/answers/detail/a_id/2208/~/what-is-the-limit-on-a-deduction-to-a-529-plan","2026-03-11"
"Rhode Island","Unknown","Unknown","Unknown","Unknown","Pending","Low","TBD","2026-03-10"
"South Carolina","Unknown","Unknown","Unknown","Unknown","Pending","Low","TBD","2026-03-10"
"South Dakota","No state individual income tax","N/A for individual income tax recapture","N/A","No state individual income tax","N/A","High","https://dor.sd.gov/","2026-03-10"
"Tennessee","No broad wage individual income tax","Likely limited/no personal income tax recapture exposure for wages","N/A/limited","No broad wage individual income tax","N/A","High","https://www.tn.gov/revenue.html","2026-03-10"
"Texas","No state individual income tax","N/A for individual income tax recapture","N/A","No state individual income tax","N/A","High","https://comptroller.texas.gov/","2026-03-10"
"Utah","Yes (my529 credit/deduction framework)","Conditional; addback applies only when withdrawal does not qualify for IRC 529(c)/530(d) exception","Utah Code 59-10-114(1)(d) addback applies to withdrawals not used for qualified education expenses and not meeting IRC 529(c)/530(d) exception, to extent prior Utah tax benefit was claimed","TY2025 instructions map my529 addback as code 54 in TC-40A Part 1 carried to TC-40 line 5","TC-40A Part 1 code 54 -> TC-40 line 5","Medium-High","https://le.utah.gov/xcode/Title59/Chapter10/59-10-S114.html; https://incometax.utah.gov/additions/my529-addback; https://tax.utah.gov/forms/current/tc-40inst.pdf","2026-03-11"
"Vermont","Unknown","Unknown","Unknown","Unknown","Pending","Low","TBD","2026-03-10"
"Virginia","Unknown","Watchlist only","Recapture warning seen in plan guidance; state tax authority confirmation pending","Needs VA form-line confirmation","Pending","Low","https://www.virginia529.com/blog/transfer-invest529-funds-to-ablenow","2026-03-10"
"Washington","No state individual income tax","N/A for individual income tax recapture","N/A","No state individual income tax","N/A","High","https://dor.wa.gov/","2026-03-10"
"West Virginia","Unknown","Unknown","Unknown","Unknown","Pending","Low","TBD","2026-03-10"
"Wisconsin","Unknown","Unknown","Unknown","Unknown","Pending","Low","TBD","2026-03-10"
"Wyoming","No state individual income tax","N/A for individual income tax recapture","N/A","No state individual income tax","N/A","High","https://revenue.wyo.gov/","2026-03-10"
